430,510,529,639,755,814,879,1046,1087,1229,1267,1362,1471,1501,1594,1706,2868,2973,3321
-0.11044895982249249,0.06608720591766515,-0.02320577927567805,0.011856478602787303,0.08489231228891393,0.10151807950094871,-0.24915149098582792,-0.27026328497117613,-0.1953611165037358,0.0,-0.01553885002597362,0.010854218793385977,0.0,0.013696373358679974,0.17282810848892227,-0.1373812455816011,-0.1120124204500409,-0.09725264684504291,0.0
0.0,0.10864483481620073,-0.05170291661220905,0.35772555605228706,0.28450576570470865,0.0,0.08395584238180716,0.0,0.0,0.02854433870855006,0.05706474499729396,0.02070378618702802,0.0,0.009572779324438455,0.2513814150645919,0.0,0.06524561112808006,0.08430144750941146,0.2530273679835106
0.021628319439386742,-0.10842784605445846,0.10800710477139654,-0.15744252923817403,-0.4127634813405718,-0.012059772904916824,-0.011779072168147135,0.02561770444108304,0.009182615521518498,-0.00927094555708999,-0.025044530977795847,-0.05037704026070345,0.008082746796279572,0.0,0.21569398649870958,0.12314158569184776,-0.036183534647753736,0.012099538087609305,-0.015127393650093838
0.20713288520248177,-0.12288321732020573,0.04735830527160513,-0.1418469809569151,-0.27174144231867176,0.4539596007028116,0.06671713943511295,0.11484613929887064,0.05741374683790636,-0.03151638558870184,0.05527151666349262,-0.011951289900693758,0.0,-0.018945152809686845,-0.578161541812242,0.0,0.23008307399087743,0.05273543043419224,0.013854716497043222
0.1738821235230701,-0.1690257717947001,0.04334382870602883,-0.165026783827548,-0.2911668111487517,0.024992927240397176,0.043856652249506134,0.10784130747102413,0.049648035750468944,0.24717160209688982,0.0490728109822052,-0.012663796103666247,0.009235430175637343,-0.01866039630469437,-0.540351767402305,-0.01524868337412816,0.3117016178267342,0.042877547466166475,0.007133261415282139
0.1776285693406143,-0.11931788647401202,0.22627753589159366,-0.05970598528679477,0.13578285777441665,0.015535437973049088,0.03603528766989092,0.09857945282808109,0.04753493484729232,0.4025114706741141,0.05757993354553902,0.02012316409331174,0.026227995153429388,0.025706636979011023,0.3682965082555894,0.11337181707620018,0.2850064210116462,0.08625049210188203,0.018275339989737988
-0.05173011218378835,-0.05971412041135917,0.0,-0.07917356989799178,-0.34433616887450047,-0.014273345183808878,0.0,-0.08183304016465293,-0.016086412645073156,-0.3773276614113581,-0.012239614441936567,-0.04483194981044279,-0.011117072346678242,-0.048522188169623955,-0.5705943357181293,0.0,-0.02557213931990137,0.0,0.05894005542452785
-0.07541389525655216,0.05385386937730791,0.0264211945067218,-0.03233677547114289,0.10533612446490127,-0.030068114844861254,0.0155998607965547,0.02445457033159527,0.03062412713654888,0.0,-0.006506440844490205,-0.00494079948210074,0.012857783726129656,0.018453222202420367,0.21134290663042307,0.1302444634288878,-0.09472554002591421,-0.06747827485248316,-0.057374774717742834
-0.14981927345578203,0.04919960767080939,-0.07958900961151413,0.21641832733239474,0.12756792792510477,-0.03803934664377249,0.01977418173847619,0.022358630822473614,0.01571156699057104,-0.06990043248935432,-0.0037155026628473927,-0.11027824160013458,-0.015152716684077637,0.022724248833040025,0.21768069150616912,-0.21685278211831016,-0.14642573550973742,0.0518932435354652,-0.07907111190777044
0.060945303724781144,0.06097778179814943,0.10591545536021585,0.22977103513863958,0.2663188652733521,0.0,0.04384772010327834,0.07286696561194105,0.03420027749021274,0.10966615280987171,0.004313912237215774,0.058104187990012456,0.030668932769713133,0.015543487649690747,0.2894825899542734,0.18873429655686563,-0.07348193826184415,0.0,0.0
-0.10079641962648968,0.034041477635659775,-0.05670464264827898,0.19300649294176755,0.15201334497356736,-0.020252895115022596,-0.19030518947653705,-0.24940445275279904,-0.18934754300229073,0.025571641224760563,-0.02957538587381739,-0.04987356018041212,-0.00876369215150473,0.011851967062577587,0.18835044046473678,0.09504882221842668,-0.05318860473235362,-0.16077772993684666,0.09728593160526194
0.16374890797905495,-0.11627606621389976,0.16357986300318905,-0.06049694424106036,-0.24071628758725894,0.0,0.02571436155574127,0.20916291305371043,0.09825785061022752,0.08678003294909305,0.008857117191078913,0.02780909643960088,0.01033294267302656,0.03703120985962375,0.2815564913174047,0.12327883412005443,0.19928538616399952,0.03891008645098765,0.008319082924867355
0.05259488938868795,0.07101932658792531,0.015771636861389247,0.046574644661697126,0.1860617852159534,-0.02194292478576781,0.05327167301805019,0.051894604755114634,0.038201176118329586,0.06826539528566773,0.0,0.0,0.01904631022809529,0.021468716963039553,0.2860084527565341,0.1583799851760925,-0.0875226841841055,0.09742424302667338,-0.018795947057036015
-0.08407016479424179,0.05280997779798925,-0.11869543172893797,0.09988578242140904,0.1281343476999188,-0.02636737805919141,0.0640631508565632,0.018943195006222085,0.0,0.2022996165757242,0.0,0.05451214638651713,0.027403386815832185,0.020143743426208553,-0.22785850464028998,0.06623499935160745,-0.056453836374427004,0.035827287448126285,0.08075905556576136
-0.1352054484161332,0.0585629118586185,-0.14193333420739745,0.11541120685500757,0.0960557521524678,-0.032100888874619406,0.040390643728648035,-0.014444830022913293,-0.015031556321967168,-0.04931232094713706,-0.04174210970385962,-0.07057599925783067,0.0,0.0,0.20486699474567596,-0.23761960302459686,-0.13688396194008692,-0.16206940517342985,-0.025072345193268702
0.0976871808144237,-0.0625408524079019,0.06688277518770895,-0.17713886438446463,-0.394818261139174,0.0,0.008949927225917116,0.010411696595308788,0.008916114286510773,0.2271704934362374,0.01788438131494508,-0.0207849909748106,-0.013815035502713591,-0.055552597420301476,-0.5903365705092708,0.16413228204501476,0.1279510163464357,0.017428449580575038,0.007877197032551443
-0.09601665088826283,0.07267073701792628,0.006981512527232613,0.017830924963615352,0.14877402922349595,-0.01960095099822783,0.017516692478888693,0.026943917687895745,0.029925092288335155,-0.016372318652220035,-0.014816757808246258,-0.017528086849549165,-0.047346133116882176,0.04160253189525199,0.21147309589320187,0.15737707919903285,-0.09250991674280007,0.011128592858249912,-0.050899326872455145
0.1368934260256546,-0.1394463549250372,0.11918045566505471,-0.08010262847737773,0.0829031156224732,0.0,0.03511414024896138,0.06882190621801276,0.0466265884792828,0.06165885778835452,0.015501535736243618,0.05739524424959097,0.03042184262806967,0.0,0.2990384598434305,0.06716093275815133,0.20027194251937291,0.046396162627023674,0.006895998858811453
-0.181236165856949,0.052815648647564634,-0.054797680632548765,0.08517773580195885,0.07237031241592419,-0.02142521058373986,-0.26709306947691436,-0.25017276516795606,-0.19799142539614076,-0.043959016861326666,-0.05732573222041928,0.037116578494619884,0.0,0.0,0.1657395517122439,-0.2269423384901709,-0.12055826825839575,-0.08752045634213573,-0.07840175938904886
-0.05068248218220951,0.15251532810378424,0.0,0.04551812607135174,0.17187814726466769,0.5365033593214372,0.03061092811576403,0.04139601449982015,0.03174505071183646,0.05692032224853985,0.02334595436711607,0.0,0.05460863970955436,0.09930954049327542,0.2884699552142024,0.0,-0.0925353473364178,0.03061707426250254,0.0
0.03608711656480851,0.0650997555416444,0.06067202690800515,0.005492525452183844,0.12811433525872293,-0.017132070610460057,0.041155029745395956,0.0472133610420289,0.03466776310668898,0.2653563240203635,0.0,0.024991011342564422,0.0,-0.0182044598108712,-0.27977994801110395,0.12548528625192468,-0.06989398663535891,0.02844313531811349,-0.028284020321609794
0.1483308727508969,-0.14487231649619814,0.16984365906942184,0.0,0.09641257388357138,0.0,0.03661992455593035,0.08085749588443542,0.029644238694541854,0.11887087056389593,0.0,0.0,0.02557002728245922,0.0,0.30020490533277633,0.10158096719894416,0.21497601579437295,0.05131054024126341,0.007260347658088334
0.06786410698976576,-0.05378006588533285,0.06345086484460465,-0.19622868517650596,-0.399526134385055,0.0,0.01655035400327373,0.06568372415130375,0.04096878642240196,0.06454869668629076,0.03341316863277464,-0.017561693502811348,-0.019618107448313785,-0.057993738667509495,-0.4069723542557216,-0.166826064349315,0.05885802276264902,0.02602693275295014,-0.015547593967905893
-0.010852277351753545,0.05711843549353264,-0.0390003930305752,0.013489346112649726,0.11038366941679886,-0.02233950630186531,0.007217335687308293,0.024514585505400886,0.030557590885899433,-0.009162948175176497,-0.018091081225572084,0.044235454817040235,-0.019418415123099563,0.010877867034544486,0.20256955158532314,0.12012995985599727,-0.09421371064578629,-0.01214558501227681,-0.044066769656155545
-0.14258254410336935,0.03652581068220549,-0.1843581335358603,0.0902573697080312,0.03640548551954509,-0.044218228597979026,-0.0064992374636952364,0.018110887016669644,0.019452593078513686,-0.04882045872439853,-0.03718034763739802,-0.05859721191776367,-0.006993630111432753,0.015569325290673303,0.19546774243772605,-0.2519727705751896,-0.13625231353022277,-0.18526100858926048,-0.07988584785368902
-0.12154314823314905,0.05927515946393117,-0.04523397713294082,0.05174844845120054,0.08654319682302296,-0.025670217876209427,-0.20229387685665073,-0.3163183128401279,-0.19324089834521063,-0.011019005817826085,-0.043797160620061414,-0.07786583846886032,0.013751108072867406,0.015125457662759568,0.1730925923337439,0.11884157015972485,-0.07537169870941388,-0.18762471812115641,-0.04443627363841258
0.14564870560644,-0.12434235651017879,0.16768252396540603,-0.07390927236714667,0.08298679480720451,0.0,0.04243557575730715,0.08909466222164641,0.051586850683474524,0.09656017892495458,-0.018993081577752847,0.0,0.012409637779604767,0.028590358214208335,0.26559847816371374,-0.09529176355180671,0.3804082858501041,0.056991969497795836,0.006426478592573906
0.023343839933303037,0.06729540457994394,-0.06998139958074626,0.01367649493172575,0.16103235078494654,-0.030982351995728977,0.01849147210110848,0.05963496397515705,0.03292285711587696,0.09629735190425978,-0.015576124113261173,-0.008463759700725508,0.021152063675583553,0.014904320213727174,0.25652282491990713,0.14690501679358617,-0.0785845910482981,-0.03948382180006911,-0.034700257304680085
0.022582737819774185,0.0706631421778365,-0.027567390441529498,0.05135126817119923,0.18826816010508382,-0.02012077242850973,0.07699301693406485,0.05645781149336126,0.0,0.12046359503709962,0.0,-0.027331457948336427,0.023411466457652803,0.010967285330302102,0.27090332822370344,0.16197566111599299,-0.0760740135679369,0.24531904680686403,-0.01415952107289356
0.18333008831233238,-0.11912317823690663,0.1615867987025856,-0.047951665884300027,0.12839396406725953,0.0,0.03890208406966012,0.08527240179213225,0.05174597238827078,0.1247997874892699,-0.01954680308766917,0.050161696202103735,0.02247352839509784,0.04548783316841512,0.3181606546661402,-0.09050126200317118,0.3981631435324179,0.05697121659601501,0.0
0.05095070460966181,0.06769693833672463,0.07786805978095036,0.033070562182931605,0.19676545794032702,-0.02452326744343397,0.030539103434788686,0.05199664140970095,0.03759710292525449,0.09237116691736,0.0,0.0,0.010257396956318571,0.01656906327667804,0.26214242496508,0.18163448900470744,-0.07524636730161455,-0.028737505254998463,-0.0322889576088857
0.1870447606276171,-0.12219277694952473,0.19944720108470737,-0.06129176492819144,0.04248590426084932,0.02045387931942273,0.04454027588379913,0.10547454251876158,0.04300151216025988,0.09093012061452935,0.021535095100343942,0.03597728288273275,0.02398411873652742,-0.029009600936038042,0.2757113989105312,0.06468126937490302,0.2760492430969413,0.061663450935954024,0.02032931317691236
-0.048167496360015764,0.05995201802497956,-0.08799584538200415,0.02416504373546865,0.10344441253151994,-0.02861497601267056,0.0,0.035567824306081006,0.028060723189967426,-0.05439842861533306,-0.014034492115403687,-0.03788528803151704,-0.011764401270404515,0.0,0.19036250069309774,-0.1727070675282769,-0.127921851366378,-0.0954567851960326,-0.08127792070531308
-0.06379396943630672,0.06468372176438797,-0.09224940209217411,-0.017095833212280552,0.07927914909848746,-0.03131811347546114,0.0568181835853302,0.020351310559838073,-0.007738765320088094,0.22563844267232785,-0.031782516749488565,0.03777493614724728,-0.007878113213133413,0.017264199261950566,-0.5054732069093274,0.037497715211681215,-0.030124887845977742,0.0374331315185292,0.06957287233258823
0.15155564577268096,-0.14767894685912183,0.10581304349784244,-0.08716719442857601,0.03719552706639048,-0.010797789483827475,0.010840822491086722,0.06379853851940454,0.03483317688587091,-0.028407274129060366,-0.03729166803419879,-0.025909283573540304,-0.010095511561520774,-0.028443173733233962,0.24513736570312078,0.07362082700201604,0.24819066908050952,0.042823668874231086,0.009178873632667908
0.0,-0.03133231545286676,-0.012642143539680505,-0.03302556505732417,0.057699330757600455,-0.01962478011126587,-0.15187210946270047,-0.15305056662296104,-0.11134573620256939,0.23990808338602912,-0.030477650091368498,-0.03692916510454578,-0.012543269834424355,-0.019175724105132935,-0.49268231015672886,0.08091392228908346,-0.07255154859058346,-0.06452519813943267,-0.026900474076889738
0.0587063570339527,-0.07944081110542386,0.0597635249309645,-0.16097497387235604,-0.393714287392937,0.0,0.0,0.0,0.05337045407663296,-0.3549319109103875,0.050836223730249624,0.0,0.0,-0.07235538276225573,-0.6437788651692987,0.08023222485894418,0.07096645112594945,0.016651575582622008,0.0
0.07223861098723285,-0.0880602038778337,0.07235739222450999,-0.2104936557541294,-0.3695311140517292,-0.01876339415097754,0.02232230676410656,0.08145768777907168,0.07040658730027544,0.0649906931757361,0.07138010994115494,0.009223643750564076,-0.011442302663708768,-0.03646755424458907,-0.04812332025897552,-0.15126659430307324,0.14148280487619905,0.03146840700117351,-0.02516211862100101
-0.05525829651198166,0.04723392450678837,-0.11811337717827805,0.11416582475730819,0.14327213234167532,-0.02675334786490434,0.06912047833574195,-0.09483207568421179,0.004766957823042674,0.037316860700076435,0.012767272425040607,0.04662406175357287,0.03201894516529795,0.014332128519092003,0.2517446022267822,0.0,0.023331540767029174,0.049169611369741746,0.26081079035729743
-0.03037248196003963,0.06273161025273473,-0.03714190596386691,0.13602118691160317,0.27314232219726425,-0.0171632733340362,0.0388967813559088,0.07237169554443097,0.034703610929830334,0.0459933330202989,0.023448328614327593,0.12253289956057187,0.03464729177795429,0.022917865863801797,0.27379972474304837,0.10211012437993511,-0.07631541851510613,0.14300852593400817,0.0
-0.23163463624059555,0.02754181047234074,-0.12317206205085945,0.07019240301084327,0.06701756155731639,-0.028044394859243378,-0.2274262716742973,-0.3214373829886942,-0.19338236320160118,-0.039427954714702215,-0.07307303331789165,-0.07590763665705128,0.0,0.0,0.1537077024089586,-0.21783846843099736,-0.1270242318053283,-0.18990050466943287,-0.08087455775909747
-0.0793881423175953,0.060257245651675506,-0.0959450298840597,0.006340471784690111,0.07457165548507089,-0.031601191705900346,0.06263176744955985,0.017204510551105532,-0.00805757040350197,0.1918060550187597,-0.029228438469895906,0.017438166275082614,0.007955655479709795,0.015319547315228995,-0.25227818628579785,0.04148517443459404,-0.06504155648216743,0.026399889934455058,0.07484616787541065
-0.0711906639669016,0.06016757537746346,-0.10838772750368093,0.20511118781086063,0.1855580654278895,-0.026018893934637945,0.056100478412613605,0.032139068917244745,-0.012028034409158917,0.10789083503273829,0.0,-0.04095956450302357,0.022972614573193873,0.008098838607518059,0.24748615520074546,0.050773714019592006,-0.05641206422874793,0.07371422837577048,0.07132823887362316
-0.07806129593374646,-0.012752506840199674,0.024469428512255923,-0.02628757950385782,0.0662377257568512,-0.022829174462677133,0.0,0.03806632617333851,0.012305591850291314,-0.050440994623200834,-0.026848550378594863,0.014027877710929323,0.012598467976549857,0.01846430633730172,0.2510677582894168,0.12162511745195766,-0.032064044145047474,0.010025434638517275,-0.01771267174981144
-0.10120103928878496,0.05221864821684753,-0.05919622624189042,0.15136546990934524,0.16643276604971183,-0.01921744768525455,-0.15877543194829152,-0.21706889918594185,-0.18766608730005144,-0.01600584581373157,-0.014213631416026948,0.11161943640510849,0.0,0.006259753037402298,0.16559266912066473,-0.18441019959477797,-0.1002573903867526,-0.142173185999635,0.010772736235288311
0.022668402998976284,0.05961349635386203,-0.07948863914206428,0.1244635992256651,0.2606776702227126,-0.023512055108568415,0.019713697199845795,0.06817456778696399,0.03173396275314043,0.032754970859643226,0.004905568199266644,0.08647260527855899,0.0,0.018780018751382098,0.2358539801398855,0.10862656125841981,-0.08075494730355125,0.0,-0.04190773811576943
-0.20073591467822222,0.03875400090195928,-0.06718156353413951,0.19078237760175146,0.0594117290168253,-0.023436637714451067,-0.19383673858579747,-0.24407492634225303,-0.1932929444166202,-0.0367219227131549,-0.03938411653121206,-0.05590491180180578,0.0,0.0,0.1586305367039802,-0.18644916120657576,-0.08343788274036268,-0.16774035389644434,-0.044235500029487715
-0.09331712615132579,0.06422378535356747,-0.05001333587393331,-0.027145222572558726,0.05091338533390865,-0.027455199188750546,-0.15073382217038933,-0.18832662194759925,-0.19709359574978552,0.06134387632374201,-0.018808095719590644,-0.06356911902599553,0.010095169354190081,0.0,0.20331827669584937,0.10099722706254897,-0.0839659454828967,-0.15401871318834445,-0.06938649741732401
0.11954086630411333,-0.14692580219802315,0.13587529542604138,0.0,0.15358709753391936,0.0,0.02299671672805182,0.06958707702575363,0.03589554461945906,0.09302729883530231,0.0,0.0,0.018609897873580507,0.006595156299909642,0.2801755693179618,0.06121515163476233,0.20864568780157802,0.04216981128098915,0.005840103030740201
-0.04362220375677215,-0.0492481196546303,-0.02038193210922995,-0.030983915029221976,-0.20371506609053197,-0.02026923176880434,-0.023361087087755278,-0.12090783581387363,-0.07357459966599415,-0.3441653331669152,-0.02157176883265128,0.0,-0.029984040182014834,-0.04170693943016364,-0.540444063146788,-0.007000277959831949,-0.022060346396091113,-0.02662815422381261,0.0
-0.162752601072435,0.07173819096764823,-0.0399235815863688,0.08293304844350664,0.0936172146916269,-0.028572892591591053,-0.18084325404457166,-0.2783276955298548,-0.19081875663507655,-0.016993550082008944,0.02146899433257429,-0.08247928226142304,-0.00860539559980561,0.015886494708619723,0.17664979634715078,-0.18370225427482897,-0.11382114328368055,-0.15780842656976968,0.0
0.14305795792345258,-0.09296604478338145,0.06658651070912498,-0.07339807718785353,-0.3136050506628334,-0.020665318154355808,0.020002653296567748,0.09567462680216021,0.0902230589215694,0.05047908218992394,-0.01592220288156988,0.01144226599085668,-0.005946364163655579,0.0321721260114835,0.24463496583707428,-0.17296093930284037,0.14696814502065933,0.029113538472694267,-0.02053202611842931
0.05617393255366032,-0.02483496630006838,0.04302577921308381,-0.12297878468316938,0.03326950470458512,-0.01827616984335669,0.004321595209211004,0.041087986396101756,0.03041099473324729,0.056405046407141994,-0.04117561240757022,0.056935414505117875,0.014338618487344301,0.0018185080225379111,0.23271688310592498,-0.2059462911160793,-0.06288869940825152,0.018912446386388126,-0.024347213103630052
-0.17714892185886005,0.039497390891575,-0.1836432420952361,0.08920075958632243,0.05832054443801816,-0.041644971934051006,0.0,0.0,0.0,-0.0921562765424128,-0.01582784799468856,-0.14555139993209007,-0.013165264605292677,0.0,0.17628224265367323,-0.2690008889311083,-0.14242434243027063,-0.17023719804582713,-0.0873610568896439
-0.05721070127059262,0.050199324547847354,0.0,-0.01506057686132857,0.02023782439252702,-0.01989458137561309,-0.08941057334460098,-0.1325877495679099,-0.10520678482112203,-0.3043151977640513,-0.015440716952742472,0.025039648857228935,-0.017542181754200224,-0.041890495296103766,-0.5125693347574981,0.044872575485469315,-0.02511008319876183,-0.053127027766783005,0.0
-0.04123360730148868,-0.036253405729575694,-0.03329105685827556,-0.05609153474426015,-0.3292711008659446,-0.015949676774306774,0.0,0.0,-0.017453191402944664,-0.36779586753417687,-0.007293142553026731,0.05938785637657901,-0.03991035124064845,-0.03995906559221478,-0.5953794595538388,-0.01883504111991393,-0.03055753523514681,0.0,0.04223236816050663
0.009738784530512789,0.05784325288971799,-0.10436014475751652,0.11878437505169073,0.2702188868056502,-0.03201231946599074,0.0,0.033693961966217954,0.02806692328664138,-0.014859499878341882,0.020875889987081044,0.0931626451161133,0.005868199388834022,0.03070334664219719,0.21499320975000408,-0.2104158461992227,-0.06600518314808593,0.03729207777183005,-0.06411241667159517
-0.17048252096708666,0.05914933906344445,-0.1324447988672645,0.13387492717287933,0.014305801672496146,-0.040750488382071265,-0.007567664155714949,0.021249020400847467,0.023329681311972456,-0.05566795521830623,-0.028073934976502776,-0.053408898644218904,-0.0102007276578665,0.0,0.19841362203122204,-0.2326037996930403,-0.13224069027865729,-0.17076438878416764,-0.07494035587299391
0.16325371433180658,-0.14855561865924274,0.13138237605694655,0.0,0.1083173329035533,0.0,0.026013953220288977,0.08359719888219277,0.034333618375220226,0.023433242120874328,0.0,0.0,0.005599047207318139,0.012167402401493846,0.2344982740763731,0.07227888612347463,0.20209572001721057,0.04284922177133239,0.0
-0.10107660650864198,0.057820246652228985,-0.12489208977589858,0.006538936376749534,0.06666201022985167,-0.030184432309989937,0.028963272069526237,0.0,-0.014685198688198425,0.17403302196860435,-0.02830154105353998,-0.03444494020792446,-0.02611265237152824,0.013763791007819968,-0.2688440472753543,0.04980903136784137,-0.06927161018223252,0.028322435055215117,0.06529851269676928
-0.028154151413908434,0.05349417860282036,0.0,0.22979028677203792,0.23980732550132627,0.0,0.04939851609934449,0.07024578080228028,0.1253913782891858,0.027262103330944074,0.07334676957528233,-0.03621937933746087,0.0,0.013334132793296566,0.2563576440265092,0.16892770962348025,-0.059136110106132976,0.07702958588051267,0.0
0.0650901987553,-0.2080724780942596,0.07685604185268033,-0.18551342595058132,-0.44290233400025225,0.0,0.0,0.0,0.0,-0.4301747776006365,0.03477617662916259,0.0,-0.03836784219430735,-0.08371719874394924,-0.6928182812417212,0.0,0.06899933556981687,0.0,0.0
-0.007320537805089912,0.06641537574263755,-0.10437387563340685,-0.007609230527844112,0.10395561230351535,-0.02452795800076631,0.008892865507809227,0.02359940657147843,0.029999877480447617,-0.032827906279787794,-0.03518437502334992,-0.019359165737014964,-0.05610468799491701,-0.003982416901961577,0.17701930415619518,0.04785356138935409,-0.10023486568760023,0.00300891434071211,-0.05544653363567004
0.09427034405634278,0.09269269486005473,0.04819815694845583,0.016949024656185384,0.2169361697402053,0.0,0.029944041380576415,0.055934884374451904,0.03564692224813787,0.12118866174195414,0.0,0.06404478298374515,0.034901785382436115,0.012463208751509018,0.31005359765953616,0.15530004905105876,0.0,0.035661419573228964,0.005165614434194873
-0.09755113733647151,0.03838523637977235,-0.04652319233992032,0.1216555333470059,0.18490078591606454,-0.029750543161648733,-0.063746444113905,0.01848555285476449,-0.05585354047112353,0.02179197044722252,0.04285138508660178,-0.018306146807383017,0.004986001181713661,0.015033983244100402,0.20681372105700596,0.18037745801384408,-0.06859961790239553,-0.08343006988905674,-0.030338689476871235
0.0,0.057244394598378975,0.07422165916846682,0.29903123661133735,0.37515715427252433,0.0,0.043756194197011336,0.04662419829950543,0.03109389236050147,0.054934852558625145,0.031601559328268795,0.15253164579935363,0.0,0.045868735458023814,0.24817935136842434,0.1929644470864314,-0.04952797978536715,0.05826014000484339,0.0
0.0,0.04539317765520694,-0.08118680938069212,0.15119289836154204,0.17106734168138635,0.13409204710620265,0.015033870709651821,0.023939511687368353,0.036310123959266354,-0.02149475595404172,0.04249016043667848,0.06472949570146515,0.004239563011887442,0.017633952754915097,0.21956964563892892,-0.16669869525619926,-0.11907859543407763,-0.08274770894942085,-0.0669132020168729
-0.04284403533543123,0.07283865259428798,-0.08455863755520131,0.07994349665856755,0.17645952002885132,-0.02420141240054606,0.012669300131139847,0.07357427275510722,0.02290289487241105,-0.013672402763185659,-0.013785423893698173,-0.0101159637837707,-0.035830186778896045,0.038482654752492226,0.21943764334303792,0.1132309991623886,-0.04326615301453087,0.028945519496184017,-0.0425425205733819
-0.025208800202522468,-0.11557217710657017,-0.016715436570995213,-0.33974638123750894,-0.5985238246177714,-0.013386608445655045,-0.009349386677644633,0.0,0.0,0.0,-0.029096115087913987,-0.10597530806795007,0.0,-0.006485601992825231,0.19411066376985997,0.08229689784018697,-0.04105134344919777,0.0,-0.008810553600162481
-0.08740501043540332,0.057977001217202374,0.011579433867498488,-0.02794082478659094,0.035925607505814465,-0.0239768273772947,-0.12103802743835215,-0.18378597396759888,-0.10921623162923016,0.23060128196332985,-0.02051524898592042,-0.03164862773474078,-0.013040397042228775,-0.02374845550369329,-0.47113135545956714,0.09756794024626725,-0.06266673348125475,-0.07560640325632184,0.00831136780496712
-0.07833417422194636,0.06040068614181827,0.010312323675900834,-0.019709323473885917,0.1304429644032153,-0.02436226199473918,0.018460806253289396,0.04058666898868919,0.011652838332600925,0.08459448856044852,-0.032219106762455554,-0.019794114069754745,0.012103230605692945,0.0,0.27651968079895983,0.05032611761015635,-0.02604575951459004,0.018455319293083326,0.0
0.10729816428006042,-0.1477506803667817,0.10754193839108755,-0.08710719977447624,0.0612202370340919,-0.013628999418278769,0.03313593728713317,0.07639158644501742,0.043938571788126185,0.07071177086349434,-0.034052138732457424,0.03623982081183571,0.01747691897473931,0.0,0.24034609209794938,0.08138653395508245,0.17489988447611965,0.03202123384946241,0.0
0.031012786246143755,-0.06176960944257532,-0.10980343169758851,-0.1282636021949154,-0.07843075575024905,-0.03581439267399593,-0.014684254945713127,0.03596976494180047,0.013427589050515693,-0.03753859054271032,-0.04714076465469262,-0.09405905632254444,-0.05856401242444617,-0.007539882979715217,0.16436758050180755,-0.21744108642952334,-0.08388289519233819,-0.004700920744154548,-0.04248611638907546
0.19840052381813295,0.02640308057856762,0.20546555987590934,0.005323129645177539,0.174597174731686,0.0,0.04781441680679222,0.08280924658236703,0.038688713612998124,0.1471136886831429,0.0,0.006272319381865794,0.02471469395703453,0.014312453600824095,0.3489680349229361,0.19911714703385094,0.22902758135568585,0.062901797965648,0.010521502271651842
-0.0930934480390934,0.06197129752616155,-0.0965219201291982,-0.04041190819996125,0.04588783946924697,-0.028270429050773566,0.036236068719010514,-0.037568956435471465,0.0,-0.4218836166775313,-0.03503016324798128,0.0,-0.021672709213811606,-0.0697506731347137,-0.6697693040679311,0.0,-0.03587645858290304,0.0,0.03733353385690485
0.0,-0.11251034160977158,-0.009539839221691283,-0.31257313766129585,-0.5571182358828844,-0.01648895165645229,-0.012560226155755864,0.0,0.0,0.0,-0.01484730881605153,-0.04294328052271767,-0.024264800439137493,-0.008739886123307656,0.17997940203137452,-0.1989579012488921,-0.06824177349883885,0.0,-0.025368923118244263
0.09853042181620665,0.09150642166409063,0.0686280707400747,0.05716884772455498,0.22129632223137247,0.0,0.016863062475459063,0.06549447948963416,0.026615166130193546,0.014010064089131245,0.0,0.03313118340330531,0.020623183887629338,0.056815200600085145,0.2270415281377218,0.16215412813824284,0.0,0.04384726012343319,0.0
0.0029911403608202936,0.07072426040085883,0.07446133133803459,0.25640503769628964,0.41533084968038114,0.0,0.047337735606842006,0.0491579143599926,0.043801852586894396,0.07411563069483276,0.028797570837728326,0.1456005888062847,0.04358106198355336,0.03246331373753155,0.26727653569180304,0.14833033496547218,0.0,0.056502855373445626,0.011358416039948527
0.05190780864462192,0.06045979761766639,-0.07074021156203433,0.33909075848033093,0.2320342326506469,-0.018581323083125205,0.00903579192355463,0.05332154417055281,0.0426480430707258,0.0,0.0,0.13238178488640925,0.008160069733902358,0.024807355593282898,0.2206196427433923,-0.16020606402037119,-0.03550143837399728,0.062126281055911205,-0.0618497715902392
-0.18170963073431348,0.008013005461514046,-0.1390626309706904,0.23099134334664434,0.11016824680968558,-0.04447988794103864,0.009977941083701591,0.010184480863932708,0.020628675068797512,-0.07342565428521383,-0.03962860389758563,0.04381191920155509,-0.005081322389989974,0.007083817042451358,0.2074341821984083,-0.24802371286331637,-0.1414510941777551,-0.12875192122405507,-0.0736266939818043
-0.047825396449825544,0.1601840923797413,0.03839216653237776,0.046004435456974094,0.08713759570787984,0.6223925718512788,0.05494827614638516,0.049448606457512534,0.03511735976009364,0.06174840411530356,0.028373739142125008,0.06689091446087458,0.09175695875264499,0.09721031041812912,0.2937887658243375,-0.030139480146134757,-0.0749648980538564,-0.04720217848372139,-0.03326275404463407
-0.0926063866858054,0.06534471147329222,-0.12928350841548297,0.013728793809838859,0.08399700585746676,-0.0340818835780151,0.066545939183139,0.008259343006229034,-0.007799241717494626,0.05866716383195421,-0.030497103578792716,-0.019097152453711765,-0.0048509884914552165,0.017642269846780245,-0.09650873823004007,-0.006569881731495521,-0.06236566479379702,0.04114718963891329,0.06708766804429099
-0.0918489891127097,-0.030543682670465477,0.018435482634916265,-0.040416147331356726,0.03690024340356525,-0.03017621655809997,-0.007781066428332614,0.014005478477509823,0.026812172907155516,0.15657209116657272,-0.06562753593063357,-0.01979893897313189,-0.029975674944820643,0.0,-0.2296267302354636,0.09898571444328459,-0.09961036464190164,-0.008941168633856788,-0.021867294228729208
-0.12050285132564154,0.05956623115871322,-0.05705374282960495,0.0,0.07484616372126608,-0.02546903748529808,-0.15586613610244623,-0.22336751804345759,-0.19155169060915891,-0.032183089936879204,0.0,-0.03827800476947024,-0.006438752431347453,0.0,0.17634841314525584,-0.16433056942063853,-0.12279437645186814,-0.11477920547838405,-0.09493174016308778
0.18208936181130922,-0.04655796327776389,0.08066021911389244,-0.13811774630404122,-0.17730194346094222,0.0,0.028045951087284113,0.179600007498956,0.08686398489114108,0.21532840239399967,0.06728208620641253,0.04722801767772249,0.0,-0.025076874915130182,-0.5694847952779264,0.0,0.326080276570956,0.054843403411997727,0.017261257153502237
0.0,-0.0624399863423903,0.04363522653660799,-0.16470127215965358,-0.4002665747623045,-0.005765694059405111,0.0,0.0,0.0,-0.38119489540083945,0.0,-0.054772272158026825,-0.01104299694403418,-0.04044499440605722,-0.5628568008267734,-0.020440691432141965,-0.01119435398871868,0.0,0.0
-0.06562410955672299,0.06598824916842302,-0.10368753708956116,0.20307393033731064,0.18375033566556861,-0.020385533825031943,0.07764536079760988,0.013965759574233053,0.0,0.0,-0.010220951468636864,0.0,0.02696892776030274,0.01943082934715158,0.25862638089606266,0.09371275344071438,-0.04139909734107369,0.04908892448572712,0.08676396704990945
-0.04850893425608761,0.060594296537525114,0.016911496647599958,-0.017264163190859307,0.1465374380332936,-0.020589984485652548,0.014329707586711364,0.0589400591957031,0.026556381875651867,0.009922054708608569,-0.01030839945372449,0.06346446041669743,-0.027497032148796882,0.058430798377966095,0.2055349093562849,0.1323886894450487,-0.018933225729666513,0.029896451950570807,0.0
-0.04776755752746246,0.05659644872821177,-0.05831454837355901,0.041598109465759946,0.12201305049540008,-0.02442864800004061,-0.11275304998522706,0.031814590945269984,-0.17699849776932328,0.060273687587961824,0.03242927310648004,-0.0364317951901941,0.008989850325772944,0.0,0.21922137775601808,-0.07571373268997607,-0.08136625876059146,-0.1189187043266137,0.2349785659828513
0.0,-0.043100536790550405,0.09129640540568963,-0.15821958960174815,-0.4221705955093207,0.0,0.0,0.0,0.0,-0.3374942715344913,0.07210367252237111,0.0,-0.02049610110327515,-0.056792301211694096,-0.5785680571486651,0.09745222171837781,0.0,0.0,0.0
-0.06501920126184381,0.05238757343245898,0.005997169550426298,-0.02511258004080323,0.10531186706586823,-0.02623190209780213,0.0,0.021216582844556433,0.018258703612754626,-0.032654231531772916,-0.0037434720061058123,0.01673458904157194,-0.047931837663274905,0.0,0.17839389052934992,-0.1810753765904609,-0.09197626757475497,0.005189074971912673,-0.031261422896110294
-0.07877571530679649,0.04820218259916066,-0.13196678349499724,0.19141925042957744,0.15135502279104235,-0.020820789982687538,0.06928802237806254,-0.04088245403358343,-0.0067103183222642785,-0.008021208451947084,0.07499436112685136,-0.03763951864157836,-0.0069952946739727075,0.013360623840637388,0.21492695676201393,-0.15293056076671885,-0.0026595526420041034,-0.08751775242699517,0.0
0.059702233287786344,-0.18969451302401044,0.05279205049515169,-0.16533704991105933,-0.356019269920113,0.0,0.0,0.06993722813547074,0.04626329236990321,-0.41652531012090144,0.03692693722147447,-0.024422745716048976,-0.02515556868169046,-0.06827245254986405,-0.6891446352566127,0.0,0.08520321982529479,0.0,0.0
0.06964102077113522,0.06060707885974532,-0.08015653271892567,0.31652014035349807,0.31841444771647637,0.0,0.0829611402031746,0.04038026216142813,0.0,0.11290256808081015,0.018495111672925085,0.04684350399482059,0.034663664602554725,0.021997703148532357,0.3142892304006339,0.08858082155867464,0.0,0.07774231828628388,0.08330921761479942
-0.10194031864526926,0.05291042508379923,-0.09970008285716876,0.11875975430797245,0.14279098524902262,-0.026036615608176113,0.0029147324660845795,-0.20979968732000565,-0.012542802201649045,0.0,0.04934250456654053,-0.0523847233151175,0.008039274152977529,0.007551417245757764,0.20480912988800432,-0.15747856867485602,0.03127084559892701,-0.11473438790010156,-0.008996439929243667
0.03075521050418192,-0.024152846993416535,0.0672042477564922,-0.11951616604367182,-0.34370027695455146,-0.014910548524231276,0.01546461906587849,0.0,0.024049740912068383,-0.2359920029374963,0.12509759564728715,0.06554483191644922,0.0,-0.023388659390316556,-0.4604063176945851,0.16316336954776317,0.0,0.01923877028949762,0.0
0.08707233642529597,0.08735741672275524,0.055353334137966864,0.013406147786981445,0.1943043399693286,0.0,0.023088357193700067,0.0818505772285488,0.024997764868239205,0.10355443143549746,0.0,0.012922581103623834,0.02748671982787138,0.006785958753165655,0.3052047761007532,0.09644779643255864,0.0,0.03347249877257239,0.014022214371420434
-0.0933264466485719,0.057449847280174896,-0.0029157946115341937,-0.039277977969794015,0.0890484473987068,-0.02780183597018138,0.0,0.02323790225104308,0.011746764887655562,-0.011925757751139307,-0.05099863383601619,-0.10240438130174803,-0.06838607847086871,-0.007494512197413381,0.1543932192332435,0.0722337821975242,-0.05251569215484808,0.005416081368976865,-0.04737006456404314
-0.04897365729443527,0.0,-0.036902240345095504,0.0,-0.24307698141765433,-0.015114000240821178,0.0,-0.007026773648432377,-0.006683718177851426,-0.37661474512347554,-0.013543148413725208,-0.06502617466334557,-0.008830259666704927,-0.04802502604662169,-0.6409172379756736,0.0,-0.027366491136844757,0.0,0.0
0.06895217213257944,-0.02171051105889362,0.034849358985603617,-0.014259760450323355,0.10015993646140084,-0.027135963952885325,0.01349874361684056,0.0541629273322343,0.024121102864421273,0.010489825599360725,-0.04845983910042557,0.026777567534369832,-0.05787956932225073,0.004414327955205194,0.17690063197421316,0.14107560697253113,-0.0207475802541302,0.013227601199666036,-0.007427023513613233
-0.0723617485368107,0.05204032072567504,-0.10325329282072208,-0.0250091335809451,0.04135024952743437,-0.024183908147918622,0.0,0.0,0.0,0.19693907428976917,-0.03896870840249468,0.0,-0.024939502154789316,0.0,-0.5934485774948872,0.0,-0.03301033932435523,0.0,0.058760793346933266
0.05521637925345367,-0.0766277966691261,-0.005230194903128719,-0.26285288255318395,-0.44489315316613526,-0.024784598530955923,-0.010894603911144494,0.0,0.0,0.06503308657837274,-0.029771538306267102,-0.027451376466628048,-0.014302490074744718,-0.013146066372229665,-0.11244158849400016,-0.18602465995286294,-0.0745079979846474,0.0,-0.03205045407785566
-0.04741568949897155,-0.07793351367408624,-0.01435490401329332,-0.07786966968177404,-0.3027906029063598,-0.011744066821320603,0.0,0.0,-0.011882860638304932,-0.4391213480096958,-0.026376176655117187,-0.06266605942205623,-0.0089380479014503,-0.05363996429272226,-0.5861391931075741,0.053927458258942566,-0.06698322125560427,0.0,-0.018382209042050457
0.14047742616344586,-0.06859842940080585,0.056979278480828774,-0.13610690537448117,-0.2830589943452178,0.0,0.01587359534433409,0.06764948596226271,0.0,-0.27654903447379947,0.060366283214975364,0.018213997101982793,-0.009452938693637085,-0.06039635312953492,-0.6030842392407451,0.09359227970740557,0.17325413122572866,0.026648564382484793,0.0
-0.03937091768183346,0.08128258190734534,-0.013868878852973119,-0.035965887438721186,-0.23166540299125088,-0.016035454236978226,-0.016399280925364863,-0.10056737754964684,-0.06039148037754998,-0.28941195025605826,0.030350164250544563,0.014639297070854887,-0.011173106251797757,-0.04282652578036328,-0.5326427215592074,0.03362497352320166,-0.024001448805147617,0.021607358553618443,0.05861794544698377
-0.047609236971186235,0.06158988080447454,-0.08973606286177348,0.0356804600060371,0.10420726585144181,-0.028072802509685673,0.008184570118802846,-0.15252936298323744,-0.007478673585946262,0.12868606553455875,-0.008007871708431076,-0.0114029135751024,0.0162804277927564,0.013885694160935212,-0.03621687179857198,-0.11711550011432087,0.006371396403987317,0.050188992648031776,0.0406421656712695
0.06050984154718428,-0.21203622015850393,0.07321565599939968,-0.1825276179230671,-0.4251565107390144,0.0,0.0,0.0,0.0,-0.4465568460463868,0.03694221197691871,-0.07411564981885839,-0.012740109113930365,-0.07197447656552403,-0.6949262739675235,-0.021998261064808122,0.07045869059133514,0.0,0.0
-0.03766389358509738,0.06203595206448478,0.058939598131844746,0.032939923595845,0.17392591916209865,-0.01897391491080451,0.020810069414055745,0.05722942217777511,0.03776840696264891,0.0186528843163622,0.015284574298116778,0.08382024659143186,0.026360304717942307,0.021949028722072998,0.2313521906544411,0.155045382587168,-0.08165921378664558,-0.03743640294110806,-0.0364866717297737
-0.09761687128090014,0.045134854339764316,-0.05716203748294471,-0.008078039758419985,0.08468899425743892,-0.026007533460697257,-0.18116580675187188,-0.2895777051805672,-0.18928043620072563,0.015994302065820178,-0.009785993619178604,0.03962879443134789,0.0,0.0,0.1887624622336599,-0.15095528410099918,-0.11380786069283477,-0.11491582592519588,-0.05487379431270371
-0.03768347526160656,0.16805508473343658,0.0,0.05698930367406849,0.17334000923112672,0.6336584578180973,0.04288020975482514,0.049354774248627,0.03854811243773921,0.03912881265052655,0.0,0.0,0.053176188797552204,0.06547234834792232,0.2576014224385814,-0.041127405836921885,-0.0860495631592949,-0.042734861440756576,-0.04084659783882439
-0.08688633600490023,0.052638009309739296,-0.035449567885033194,-0.01701861389356218,0.042347897243877386,-0.028762677084500397,-0.1644691371617592,-0.2572949443198549,-0.19539228689013105,0.06218247844584717,-0.02338682142848498,0.026188709026875822,-0.0211092976550341,0.015599208898632307,-0.08212537772135814,0.06345770785286499,-0.03399143089004089,-0.09446395390556567,0.013924767093637623
-0.05200519984423831,0.07233562867261017,-0.06506482747195094,0.3414997317742148,0.3000677962339704,0.0,0.07446244111083325,0.05097505695186178,0.0,0.13267573077699793,0.009072621647109383,0.1169214943326011,0.04811417725965467,0.01915398171685196,0.2959417899547071,0.14467108696343353,-0.040605341374968726,0.08610174285642469,0.08473306082032415
-0.045445620070980186,0.1364633548648131,0.0,0.05555792907773038,0.1828775089365374,0.537520843777997,0.03981751063631741,0.06366986524276134,0.030566110515402138,0.06990696260600954,0.05486724491476219,0.0,0.05811331804865287,0.11851094318921611,0.28331317613168144,-0.027098431002669978,-0.04340535219516384,0.03487861044655354,-0.02772886222218076
0.16004987630319736,-0.18383259206068328,0.03614112223804143,-0.14313491697660105,-0.2758338030093338,0.0,0.019475494260577653,0.06558372156318165,0.0,-0.37897335627763434,0.04903305116943442,-0.037072750954333024,0.0,-0.06144538592864283,-0.646732906485133,0.07958387299906965,0.18775789128195244,0.05785393135604132,0.01727030611554884
-0.08562974556118962,0.0561177187868675,0.0,-0.027517709687519525,0.040130754885720196,-0.022926084644711627,-0.1371186673655577,-0.15249236316657697,-0.10784441372987469,-0.2765757078520268,-0.03207829137184294,-0.04169431447966736,-0.028770805079276394,-0.054323774570790975,-0.5416327051767216,-0.005191684762706227,-0.02567247594222672,-0.06063276688491072,-0.004197326610035947
0.053132974256483535,-0.07977062496506093,0.05196294829455467,-0.14635861304765327,-0.06193333130485358,-0.02747189535346858,-0.0024919926552694122,0.07180822632225461,0.03243322502819703,-0.008002300743478876,-0.035953599138510255,-0.08798272572117306,0.012258223978335304,0.0,0.22672716105907867,-0.19959525725273095,-0.05603482279472712,0.016234997527892245,-0.024596608637650993
0.05964593944190567,-0.017485710714867164,0.13166526000188658,0.015521892653482874,0.12322659195025364,-0.012685507905376269,0.007575588538680742,0.03799481294576573,0.02650969040069703,0.24159978702798712,0.05368705040249869,0.006268257754915265,0.0,0.017726197152930126,-0.1895753715680316,0.18938013254065061,-0.016742981754980547,0.047307358053910564,-0.009194013329163683
0.037444186092737614,-0.0833120820554578,0.05226455625391051,-0.26009080593747624,-0.46005407984704083,-0.01695302184821876,-0.015021053195768278,0.0,0.007350811297333632,0.22555482087145903,0.0,0.0160742241461252,-0.015221296492797182,-0.027434743015122984,-0.29058537114654626,0.10415144057279542,-0.03464456447879191,0.014826400529310488,0.0
0.09525703791359222,0.08045752461044078,0.07744189153023484,0.028649619063157977,0.22882508670248586,0.0,0.038024271472095805,0.06619837540752138,0.02334894389995168,0.12193690041271592,0.0,0.013010863078452908,0.024015210619412725,0.012786373033780345,0.29858863854529283,0.16401708407455043,0.0,0.051467262210553276,0.002340815235539126
0.022131885164827694,-0.042008281179707535,0.04425669714100611,-0.1534963218655495,-0.376476128931736,0.0,0.0,0.0,0.0,-0.2978820804495629,0.1092969857319345,0.0,-0.02136338238024702,-0.0347960537967297,-0.511880497060898,0.08915457284518427,-0.015190084191885837,0.02031194377432738,0.0
-0.21074861881648044,0.02735567398617799,-0.1799441661836465,0.1272798182955548,-0.04297343284257815,-0.038489951635987014,-0.010163210271236218,0.013431994438268542,0.01685416910530991,-0.06891611539847817,-0.03620146847459042,-0.11304001234584134,-0.013345835243008272,0.0,0.18696184886548242,-0.25957672685013256,-0.14029354676483713,-0.2542775662948376,-0.10872613392417241
0.13893036445915613,0.02891373686991234,0.21888478909271736,0.0,0.16402790583982893,0.0,0.041235375167340826,0.07114866942543539,0.03627266893266165,0.14906263814325002,0.0,0.08505459116845142,0.03805607939365305,0.04598499192067368,0.35220698809957157,0.19692004246935174,0.20762638187514712,0.057120732098313656,0.005178124939773238
-0.06283864511805073,0.04556642704717255,-0.13772774041000266,0.13757053634368402,0.1470481266313264,-0.018814932686932163,0.06240442543271017,-0.00769030185222713,0.0,0.016189730080704533,-0.016490599392589678,-0.03347868761801856,0.013038879834337356,0.008927420360819657,0.24634295475999216,-0.15190947172693298,0.0,0.05234755951740552,0.0466146146252633
0.13928154488529007,-0.04209836730357114,0.12097404374409407,-0.2557580594852029,-0.42984841576502897,-0.015823699239919223,0.0,0.01769276944455723,0.028259073114720756,0.23123849519434597,0.0629324422332008,0.0,0.0,-0.04076833571052532,-0.2405941200971904,0.1614638682041695,-0.023893268228976146,0.01646719053817313,0.0
-0.10263576409723171,0.04372952192985488,-0.07452266814967842,0.08703150550233879,0.09061855764967634,-0.023174720428362175,-0.2481512123112082,-0.22108680678519657,-0.1907177886539825,-0.026621313495454747,-0.05760969368579511,0.041575746401406447,0.0,0.0,0.185823853332442,-0.21461503471891347,-0.09686085046283462,-0.007011262797094672,0.0
